Country,Signatures,Threshold,Percentage,Petition_ID,Population,GDP,Population_Density,Unemployment_Rate,Tertiary_Enrollment,Life_Expectancy,Urban_Population,Labor_Participation,Signatures_Per_Capita,GDP_Per_Capita,Threshold_Ratio,Threshold_Per_Capita,Petition_Name
Austria,10724,13395,80.06,eci_table_01,8877067.0,446314739528.0,109,4.67,85.1,81.6,5194416.0,60.7,0.0012080566700690667,50277.27508736838,0.8005972377752892,0.0015089443393859706,Ban Conversion Practices
Belgium,47459,14805,320.56,eci_table_01,11484055.0,529606710418.0,383,5.59,79.7,81.6,11259082.0,53.6,0.00413259950426918,46116.699233676605,3.205606214116852,0.0012891787787501889,Ban Conversion Practices
Bulgaria,2386,11985,19.91,eci_table_01,6975761.0,86000000000.0,64,4.34,71.0,74.9,5256027.0,55.4,0.0003420415349665793,12328.404026456756,0.19908218606591574,0.001718092119268421,Ban Conversion Practices
Croatia,8574,8460,101.35,eci_table_01,4067500.0,60415553039.0,73,6.93,67.9,78.1,2328318.0,51.2,0.0021079287031346037,14853.239837492318,1.0134751773049646,0.002079901659496005,Ban Conversion Practices
Cyprus,696,4230,16.45,eci_table_01,1198575.0,24564647935.0,131,7.27,75.9,80.8,800708.0,63.1,0.0005806895688630248,20494.87761299877,0.16453900709219857,0.003529190914210625,Ban Conversion Practices
Czech Republic,3774,14805,25.49,eci_table_01,10669709.0,246489245495.0,139,1.93,64.1,79.0,7887156.0,60.6,0.00035371161481536186,23101.777704996453,0.2549138804457953,0.0013875729881667814,Ban Conversion Practices
Denmark,8587,9870,87.0,eci_table_01,5818553.0,348078018464.0,137,4.91,80.6,81.0,5119978.0,62.2,0.0014757964737968357,59822.092960913134,0.8700101317122594,0.0016962980314865225,Ban Conversion Practices
Estonia,1519,4935,30.78,eci_table_01,1331824.0,31386949981.0,31,5.11,69.6,78.2,916024.0,63.6,0.001140541092516729,23566.890205462583,0.3078014184397163,0.003705444563245594,Ban Conversion Practices
Finland,23618,9870,239.29,eci_table_01,5520314.0,268761201365.0,18,6.59,88.2,81.7,4716888.0,59.1,0.004278379816800276,48685.853986747854,2.3929078014184397,0.0017879417728774124,Ban Conversion Practices
France,580568,55695,1042.41,eci_table_01,67059887.0,2715518274227.0,119,8.43,65.6,82.5,54123364.0,55.1,0.008657455685840925,40493.9285720389,10.42405961037795,0.0008305263025569965,Ban Conversion Practices
Germany,92739,67680,137.03,eci_table_01,83132799.0,3845630030824.0,240,3.04,70.2,80.9,64324835.0,60.8,0.0011155524788717867,46258.8782897109,1.3702570921985815,0.0008141191059860742,Ban Conversion Practices
Greece,4127,14805,27.88,eci_table_01,10716322.0,209852761469.0,81,17.24,136.6,81.3,8507474.0,51.8,0.0003851134745671136,19582.53601086268,0.27875717662951705,0.0013815374342055044,Ban Conversion Practices
Hungary,3195,14805,21.58,eci_table_01,9769949.0,160967157504.0,107,3.4,48.5,75.8,6999582.0,56.5,0.00032702320145171687,16475.741838979917,0.21580547112462006,0.0015153610320790825,Ban Conversion Practices
Republic of Ireland,18503,9165,201.89,eci_table_01,5007069.0,388698711348.0,72,4.93,77.8,82.3,3133123.0,62.1,0.003695375478148993,77629.9889911643,2.018876159301691,0.0018304121632835497,Ban Conversion Practices
Italy,60701,53580,113.29,eci_table_01,60297396.0,2001244392042.0,206,9.89,61.9,82.9,42651966.0,49.6,0.001006693556053399,33189.56579886136,1.1329040686823442,0.0008885955871129162,Ban Conversion Practices
Latvia,1103,5640,19.56,eci_table_01,1912789.0,34117202555.0,30,6.52,88.1,74.7,1304943.0,61.4,0.0005766448886939438,17836.364886560932,0.1955673758865248,0.0029485740455429217,Ban Conversion Practices
Lithuania,1973,7755,25.44,eci_table_01,2786844.0,54219315600.0,43,6.35,72.4,75.7,1891013.0,61.6,0.0007079693014750736,19455.45412660343,0.2544165054803353,0.0027827176548095266,Ban Conversion Practices
Luxembourg,2091,4230,49.43,eci_table_01,645397.0,71104919108.0,242,5.36,19.2,82.1,565488.0,59.3,0.0032398663148418727,110172.37314087298,0.49432624113475176,0.006554105457571077,Ban Conversion Practices
Malta,861,4230,20.35,eci_table_01,502653.0,14786156563.0,1380,3.47,54.3,82.3,475902.0,56.5,0.0017129112926810345,29416.230606402427,0.20354609929078013,0.008415348162648984,Ban Conversion Practices
Netherlands,38112,20445,186.41,eci_table_01,17332850.0,909070395161.0,508,3.2,85.0,81.8,15924729.0,63.6,0.0021988305443132548,52447.83143920359,1.864123257520176,0.0011795521221264823,Ban Conversion Practices
Poland,9039,36660,24.66,eci_table_01,37970874.0,592164400688.0,124,3.47,67.8,77.6,22796574.0,56.7,0.0002380508807882589,15595.227033436207,0.24656301145662848,0.0009654768547071105,Ban Conversion Practices
Portugal,9025,14805,60.96,eci_table_01,10269417.0,237686075635.0,111,6.33,63.9,81.3,6753579.0,58.8,0.0008788230140036187,23145.04081731222,0.6095913542722053,0.0014416592490109224,Ban Conversion Practices
Romania,9932,23265,42.69,eci_table_01,19356544.0,250077444017.0,84,3.98,49.4,75.4,10468793.0,54.7,0.0005131081250867923,12919.529644186483,0.4269073715882227,0.0012019191029142393,Ban Conversion Practices
Slovakia,2671,9870,27.06,eci_table_01,5454073.0,105422304976.0,114,5.56,46.6,77.2,2930419.0,59.5,0.0004897257517455304,19329.0968008679,0.2706180344478217,0.001809656746435187,Ban Conversion Practices
Slovenia,6400,5640,113.48,eci_table_01,2087946.0,53742159517.0,103,4.2,78.6,81.0,1144654.0,58.4,0.003065213372376489,25739.247814359183,1.1347517730496455,0.0027012192844067806,Ban Conversion Practices
Spain,162018,41595,389.51,eci_table_01,47076781.0,1394116310769.0,94,13.96,88.9,83.3,37927409.0,57.5,0.003441569210095312,29613.67113798626,3.8951316263974034,0.0008835565881193109,Ban Conversion Practices
Sweden,17668,14805,119.34,eci_table_01,10285453.0,530832908738.0,25,6.48,67.0,82.5,9021165.0,64.6,0.0017177658582465936,51610.06605523354,1.1933806146572103,0.0014394115650521178,Ban Conversion Practices
Austria,109,13395,0.81,eci_table_02,8877067.0,446314739528.0,109,4.67,85.1,81.6,5194416.0,60.7,1.227883038395452e-05,50277.27508736838,0.008137364688316537,0.0015089443393859706,Defence of Agriculture
Belgium,160,14805,1.08,eci_table_02,11484055.0,529606710418.0,383,5.59,79.7,81.6,11259082.0,53.6,1.3932360999664316e-05,46116.699233676605,0.010807159743329957,0.0012891787787501889,Defence of Agriculture
Bulgaria,47,11985,0.39,eci_table_02,6975761.0,86000000000.0,64,4.34,71.0,74.9,5256027.0,55.4,6.737616153993808e-06,12328.404026456756,0.00392156862745098,0.001718092119268421,Defence of Agriculture
Croatia,76,8460,0.9,eci_table_02,4067500.0,60415553039.0,73,6.93,67.9,78.1,2328318.0,51.2,1.8684695759065764e-05,14853.239837492318,0.008983451536643027,0.002079901659496005,Defence of Agriculture
Cyprus,27,4230,0.64,eci_table_02,1198575.0,24564647935.0,131,7.27,75.9,80.8,800708.0,63.1,2.2526750516238032e-05,20494.87761299877,0.006382978723404255,0.003529190914210625,Defence of Agriculture
Czech Republic,39,14805,0.26,eci_table_02,10669709.0,246489245495.0,139,1.93,64.1,79.0,7887156.0,60.6,3.6552074662954726e-06,23101.777704996453,0.0026342451874366768,0.0013875729881667814,Defence of Agriculture
Denmark,29,9870,0.29,eci_table_02,5818553.0,348078018464.0,137,4.91,80.6,81.0,5119978.0,62.2,4.9840570327364895e-06,59822.092960913134,0.002938196555217832,0.0016962980314865225,Defence of Agriculture
Estonia,18,4935,0.36,eci_table_02,1331824.0,31386949981.0,31,5.11,69.6,78.2,916024.0,63.6,1.3515299318828914e-05,23566.890205462583,0.00364741641337386,0.003705444563245594,Defence of Agriculture
Finland,102,9870,1.03,eci_table_02,5520314.0,268761201365.0,18,6.59,88.2,81.7,4716888.0,59.1,1.847720981089119e-05,48685.853986747854,0.01033434650455927,0.0017879417728774124,Defence of Agriculture
France,361,55695,0.65,eci_table_02,67059887.0,2715518274227.0,119,8.43,65.6,82.5,54123364.0,55.1,5.383247961631668e-06,40493.9285720389,0.0064817308555525635,0.0008305263025569965,Defence of Agriculture
Germany,302,67680,0.45,eci_table_02,83132799.0,3845630030824.0,240,3.04,70.2,80.9,64324835.0,60.8,3.632741873637624e-06,46258.8782897109,0.0044621749408983455,0.0008141191059860742,Defence of Agriculture
Greece,120,14805,0.81,eci_table_02,10716322.0,209852761469.0,81,17.24,136.6,81.3,8507474.0,51.8,1.1197871807136813e-05,19582.53601086268,0.008105369807497468,0.0013815374342055044,Defence of Agriculture
Hungary,73,14805,0.49,eci_table_02,9769949.0,160967157504.0,107,3.4,48.5,75.8,6999582.0,56.5,7.471891613763798e-06,16475.741838979917,0.004930766632894292,0.0015153610320790825,Defence of Agriculture
Republic of Ireland,50,9165,0.55,eci_table_02,5007069.0,388698711348.0,72,4.93,77.8,82.3,3133123.0,62.1,9.985881960084832e-06,77629.9889911643,0.005455537370430988,0.0018304121632835497,Defence of Agriculture
Italy,483,53580,0.9,eci_table_02,60297396.0,2001244392042.0,206,9.89,61.9,82.9,42651966.0,49.6,8.010296166023488e-06,33189.56579886136,0.009014557670772676,0.0008885955871129162,Defence of Agriculture
Latvia,11,5640,0.2,eci_table_02,1912789.0,34117202555.0,30,6.52,88.1,74.7,1304943.0,61.4,5.750764982441869e-06,17836.364886560932,0.001950354609929078,0.0029485740455429217,Defence of Agriculture
Lithuania,25,7755,0.32,eci_table_02,2786844.0,54219315600.0,43,6.35,72.4,75.7,1891013.0,61.6,8.970721001964946e-06,19455.45412660343,0.003223726627981947,0.0027827176548095266,Defence of Agriculture
Luxembourg,10,4230,0.24,eci_table_02,645397.0,71104919108.0,242,5.36,19.2,82.1,565488.0,59.3,1.5494339143194035e-05,110172.37314087298,0.002364066193853428,0.006554105457571077,Defence of Agriculture
Malta,9,4230,0.21,eci_table_02,502653.0,14786156563.0,1380,3.47,54.3,82.3,475902.0,56.5,1.790499609074252e-05,29416.230606402427,0.002127659574468085,0.008415348162648984,Defence of Agriculture
Netherlands,67,20445,0.33,eci_table_02,17332850.0,909070395161.0,508,3.2,85.0,81.8,15924729.0,63.6,3.8654924031535495e-06,52447.83143920359,0.003277084861824407,0.0011795521221264823,Defence of Agriculture
Poland,215,36660,0.59,eci_table_02,37970874.0,592164400688.0,124,3.47,67.8,77.6,22796574.0,56.7,5.662234690726371e-06,15595.227033436207,0.005864702673213312,0.0009654768547071105,Defence of Agriculture
Portugal,136,14805,0.92,eci_table_02,10269417.0,237686075635.0,111,6.33,63.9,81.3,6753579.0,58.8,1.3243205529583617e-05,23145.04081731222,0.009186085781830463,0.0014416592490109224,Defence of Agriculture
Romania,160,23265,0.69,eci_table_02,19356544.0,250077444017.0,84,3.98,49.4,75.4,10468793.0,54.7,8.265938382388922e-06,12919.529644186483,0.006877283473028154,0.0012019191029142393,Defence of Agriculture
Slovakia,50,9870,0.51,eci_table_02,5454073.0,105422304976.0,114,5.56,46.6,77.2,2930419.0,59.5,9.167460721556165e-06,19329.0968008679,0.005065856129685917,0.001809656746435187,Defence of Agriculture
Slovenia,33,5640,0.59,eci_table_02,2087946.0,53742159517.0,103,4.2,78.6,81.0,1144654.0,58.4,1.580500645131627e-05,25739.247814359183,0.005851063829787234,0.0027012192844067806,Defence of Agriculture
Spain,1629,41595,3.92,eci_table_02,47076781.0,1394116310769.0,94,13.96,88.9,83.3,37927409.0,57.5,3.460304560755758e-05,29613.67113798626,0.03916336098088712,0.0008835565881193109,Defence of Agriculture
Sweden,91,14805,0.61,eci_table_02,10285453.0,530832908738.0,25,6.48,67.0,82.5,9021165.0,64.6,8.847446971951552e-06,51610.06605523354,0.006146572104018913,0.0014394115650521178,Defence of Agriculture
Austria,25373,13395,189.42,eci_table_03,8877067.0,446314739528.0,109,4.67,85.1,81.6,5194416.0,60.7,0.0028582638837805325,50277.27508736838,1.8942142590518851,0.0015089443393859706,
Belgium,18313,14805,123.69,eci_table_03,11484055.0,529606710418.0,383,5.59,79.7,81.6,11259082.0,53.6,0.001594645793667829,46116.699233676605,1.2369469773725092,0.0012891787787501889,
Bulgaria,6552,11985,54.67,eci_table_03,6975761.0,86000000000.0,64,4.34,71.0,74.9,5256027.0,55.4,0.000939252362573775,12328.404026456756,0.546683354192741,0.001718092119268421,
Croatia,65963,8460,779.7,eci_table_03,4067500.0,60415553039.0,73,6.93,67.9,78.1,2328318.0,51.2,0.016217086662569144,14853.239837492318,7.797044917257683,0.002079901659496005,
Cyprus,3228,4230,76.31,eci_table_03,1198575.0,24564647935.0,131,7.27,75.9,80.8,800708.0,63.1,0.0026931981728302357,20494.87761299877,0.7631205673758865,0.003529190914210625,
Czech Republic,11569,14805,78.14,eci_table_03,10669709.0,246489245495.0,139,1.93,64.1,79.0,7887156.0,60.6,0.0010842844917326236,23101.777704996453,0.7814251941911516,0.0013875729881667814,
Denmark,19652,9870,199.11,eci_table_03,5818553.0,348078018464.0,137,4.91,80.6,81.0,5119978.0,62.2,0.003377472027839224,59822.092960913134,1.9910840932117528,0.0016962980314865225,
Estonia,4894,4935,99.17,eci_table_03,1331824.0,31386949981.0,31,5.11,69.6,78.2,916024.0,63.6,0.0036746597147971505,23566.890205462583,0.991691995947315,0.003705444563245594,
Finland,66565,9870,674.42,eci_table_03,5520314.0,268761201365.0,18,6.59,88.2,81.7,4716888.0,59.1,0.012058190892764433,48685.853986747854,6.744174265450861,0.0017879417728774124,
France,169759,55695,304.8,eci_table_03,67059887.0,2715518274227.0,119,8.43,65.6,82.5,54123364.0,55.1,0.002531453713902023,40493.9285720389,3.0480114911571956,0.0008305263025569965,
Germany,167550,67680,247.56,eci_table_03,83132799.0,3845630030824.0,240,3.04,70.2,80.9,64324835.0,60.8,0.0020154500030727944,46258.8782897109,2.4756205673758864,0.0008141191059860742,
Greece,43214,14805,291.89,eci_table_03,10716322.0,209852761469.0,81,17.24,136.6,81.3,8507474.0,51.8,0.004032540268946752,19582.53601086268,2.9188787571766297,0.0013815374342055044,
Hungary,16765,14805,113.24,eci_table_03,9769949.0,160967157504.0,107,3.4,48.5,75.8,6999582.0,56.5,0.0017159762041746584,16475.741838979917,1.132387706855792,0.0015153610320790825,
Republic of Ireland,12885,9165,140.59,eci_table_03,5007069.0,388698711348.0,72,4.93,77.8,82.3,3133123.0,62.1,0.0025733617811138612,77629.9889911643,1.4058919803600656,0.0018304121632835497,
Italy,161168,53580,300.8,eci_table_03,60297396.0,2001244392042.0,206,9.89,61.9,82.9,42651966.0,49.6,0.00267288491197862,33189.56579886136,3.0079880552444944,0.0008885955871129162,
Latvia,4779,5640,84.73,eci_table_03,1912789.0,34117202555.0,30,6.52,88.1,74.7,1304943.0,61.4,0.002498445986462699,17836.364886560932,0.8473404255319149,0.0029485740455429217,
Lithuania,5693,7755,73.41,eci_table_03,2786844.0,54219315600.0,43,6.35,72.4,75.7,1891013.0,61.6,0.0020428125865674576,19455.45412660343,0.734107027724049,0.0027827176548095266,
Luxembourg,2821,4230,66.69,eci_table_03,645397.0,71104919108.0,242,5.36,19.2,82.1,565488.0,59.3,0.004370953072295037,110172.37314087298,0.666903073286052,0.006554105457571077,
Malta,4278,4230,101.13,eci_table_03,502653.0,14786156563.0,1380,3.47,54.3,82.3,475902.0,56.5,0.008510841475132945,29416.230606402427,1.0113475177304965,0.008415348162648984,
Netherlands,34467,20445,168.58,eci_table_03,17332850.0,909070395161.0,508,3.2,85.0,81.8,15924729.0,63.6,0.0019885362187984086,52447.83143920359,1.6858400586940572,0.0011795521221264823,
Poland,43297,36660,118.1,eci_table_03,37970874.0,592164400688.0,124,3.47,67.8,77.6,22796574.0,56.7,0.0011402687228110682,15595.227033436207,1.1810420076377524,0.0009654768547071105,
Portugal,17824,14805,120.39,eci_table_03,10269417.0,237686075635.0,111,6.33,63.9,81.3,6753579.0,58.8,0.0017356389364654294,23145.04081731222,1.2039175954069572,0.0014416592490109224,
Romania,67402,23265,289.71,eci_table_03,19356544.0,250077444017.0,84,3.98,49.4,75.4,10468793.0,54.7,0.0034821298678111134,12919.529644186483,2.897141629056523,0.0012019191029142393,
Slovakia,7542,9870,76.41,eci_table_03,5454073.0,105422304976.0,114,5.56,46.6,77.2,2930419.0,59.5,0.001382819775239532,19329.0968008679,0.7641337386018237,0.001809656746435187,
Slovenia,59508,5640,1055.11,eci_table_03,2087946.0,53742159517.0,103,4.2,78.6,81.0,1144654.0,58.4,0.02850073708802814,25739.247814359183,10.551063829787234,0.0027012192844067806,
Spain,59642,41595,143.39,eci_table_03,47076781.0,1394116310769.0,94,13.96,88.9,83.3,37927409.0,57.5,0.0012669090522565679,29613.67113798626,1.433874263733622,0.0008835565881193109,
Sweden,23810,14805,160.82,eci_table_03,10285453.0,530832908738.0,25,6.48,67.0,82.5,9021165.0,64.6,0.0023149199165073235,51610.06605523354,1.6082404593042892,0.0014394115650521178,
Austria,156,13395,1.16,eci_table_04,8877067.0,446314739528.0,109,4.67,85.1,81.6,5194416.0,60.7,1.757337192565968e-05,50277.27508736838,0.011646136618141097,0.0015089443393859706,My Voice My Choice
Belgium,257,14805,1.74,eci_table_04,11484055.0,529606710418.0,383,5.59,79.7,81.6,11259082.0,53.6,2.237885485571081e-05,46116.699233676605,0.01735900033772374,0.0012891787787501889,My Voice My Choice
Bulgaria,17,11985,0.14,eci_table_04,6975761.0,86000000000.0,64,4.34,71.0,74.9,5256027.0,55.4,2.4370100982530796e-06,12328.404026456756,0.0014184397163120568,0.001718092119268421,My Voice My Choice
Croatia,24,8460,0.28,eci_table_04,4067500.0,60415553039.0,73,6.93,67.9,78.1,2328318.0,51.2,5.900430239704978e-06,14853.239837492318,0.0028368794326241137,0.002079901659496005,My Voice My Choice
Cyprus,8,4230,0.19,eci_table_04,1198575.0,24564647935.0,131,7.27,75.9,80.8,800708.0,63.1,6.6745927455520095e-06,20494.87761299877,0.0018912529550827422,0.003529190914210625,My Voice My Choice
Czech Republic,20,14805,0.14,eci_table_04,10669709.0,246489245495.0,139,1.93,64.1,79.0,7887156.0,60.6,1.8744653673310116e-06,23101.777704996453,0.0013508949679162446,0.0013875729881667814,My Voice My Choice
Denmark,44,9870,0.45,eci_table_04,5818553.0,348078018464.0,137,4.91,80.6,81.0,5119978.0,62.2,7.562017566910536e-06,59822.092960913134,0.004457953394123607,0.0016962980314865225,My Voice My Choice
Estonia,11,4935,0.22,eci_table_04,1331824.0,31386949981.0,31,5.11,69.6,78.2,916024.0,63.6,8.259349583728781e-06,23566.890205462583,0.0022289766970618034,0.003705444563245594,My Voice My Choice
Finland,76,9870,0.77,eci_table_04,5520314.0,268761201365.0,18,6.59,88.2,81.7,4716888.0,59.1,1.3767332800271869e-05,48685.853986747854,0.007700101317122594,0.0017879417728774124,My Voice My Choice
France,5116,55695,9.19,eci_table_04,67059887.0,2715518274227.0,119,8.43,65.6,82.5,54123364.0,55.1,7.629001820417622e-05,40493.9285720389,0.09185743783104408,0.0008305263025569965,My Voice My Choice
Germany,478,67680,0.71,eci_table_04,83132799.0,3845630030824.0,240,3.04,70.2,80.9,64324835.0,60.8,5.749836475492663e-06,46258.8782897109,0.007062647754137116,0.0008141191059860742,My Voice My Choice
Greece,26,14805,0.18,eci_table_04,10716322.0,209852761469.0,81,17.24,136.6,81.3,8507474.0,51.8,2.4262055582129765e-06,19582.53601086268,0.0017561634582911178,0.0013815374342055044,My Voice My Choice
Hungary,41,14805,0.28,eci_table_04,9769949.0,160967157504.0,107,3.4,48.5,75.8,6999582.0,56.5,4.196541865264599e-06,16475.741838979917,0.0027693346842283012,0.0015153610320790825,My Voice My Choice
Republic of Ireland,39,9165,0.43,eci_table_04,5007069.0,388698711348.0,72,4.93,77.8,82.3,3133123.0,62.1,7.78898792886617e-06,77629.9889911643,0.00425531914893617,0.0018304121632835497,My Voice My Choice
Italy,330,53580,0.62,eci_table_04,60297396.0,2001244392042.0,206,9.89,61.9,82.9,42651966.0,49.6,5.472873156910457e-06,33189.56579886136,0.006159014557670772,0.0008885955871129162,My Voice My Choice
Latvia,8,5640,0.14,eci_table_04,1912789.0,34117202555.0,30,6.52,88.1,74.7,1304943.0,61.4,4.182374532684996e-06,17836.364886560932,0.0014184397163120568,0.0029485740455429217,My Voice My Choice
Lithuania,10,7755,0.13,eci_table_04,2786844.0,54219315600.0,43,6.35,72.4,75.7,1891013.0,61.6,3.5882884007859787e-06,19455.45412660343,0.0012894906511927789,0.0027827176548095266,My Voice My Choice
Luxembourg,23,4230,0.54,eci_table_04,645397.0,71104919108.0,242,5.36,19.2,82.1,565488.0,59.3,3.563698002934628e-05,110172.37314087298,0.005437352245862884,0.006554105457571077,My Voice My Choice
Malta,9,4230,0.21,eci_table_04,502653.0,14786156563.0,1380,3.47,54.3,82.3,475902.0,56.5,1.790499609074252e-05,29416.230606402427,0.002127659574468085,0.008415348162648984,My Voice My Choice
Netherlands,135,20445,0.66,eci_table_04,17332850.0,909070395161.0,508,3.2,85.0,81.8,15924729.0,63.6,7.788678722772077e-06,52447.83143920359,0.006603081438004402,0.0011795521221264823,My Voice My Choice
Poland,78,36660,0.21,eci_table_04,37970874.0,592164400688.0,124,3.47,67.8,77.6,22796574.0,56.7,2.054206073844916e-06,15595.227033436207,0.002127659574468085,0.0009654768547071105,My Voice My Choice
Portugal,33,14805,0.22,eci_table_04,10269417.0,237686075635.0,111,6.33,63.9,81.3,6753579.0,58.8,3.2134248711489657e-06,23145.04081731222,0.0022289766970618034,0.0014416592490109224,My Voice My Choice
Romania,47,23265,0.2,eci_table_04,19356544.0,250077444017.0,84,3.98,49.4,75.4,10468793.0,54.7,2.428119399826746e-06,12919.529644186483,0.00202020202020202,0.0012019191029142393,My Voice My Choice
Slovakia,11,9870,0.11,eci_table_04,5454073.0,105422304976.0,114,5.56,46.6,77.2,2930419.0,59.5,2.0168413587423564e-06,19329.0968008679,0.0011144883485309017,0.001809656746435187,My Voice My Choice
Slovenia,17,5640,0.3,eci_table_04,2087946.0,53742159517.0,103,4.2,78.6,81.0,1144654.0,58.4,8.141973020375048e-06,25739.247814359183,0.0030141843971631206,0.0027012192844067806,My Voice My Choice
Spain,194,41595,0.47,eci_table_04,47076781.0,1394116310769.0,94,13.96,88.9,83.3,37927409.0,57.5,4.120927469531105e-06,29613.67113798626,0.004664022118043034,0.0008835565881193109,My Voice My Choice
Sweden,70,14805,0.47,eci_table_04,10285453.0,530832908738.0,25,6.48,67.0,82.5,9021165.0,64.6,6.805728439962732e-06,51610.06605523354,0.004728132387706856,0.0014394115650521178,My Voice My Choice
Austria,20714,13395,154.64,eci_table_05,8877067.0,446314739528.0,109,4.67,85.1,81.6,5194416.0,60.7,0.002333428372231504,50277.27508736838,1.5463979096677865,0.0015089443393859706,
Belgium,31846,14805,215.1,eci_table_05,11484055.0,529606710418.0,383,5.59,79.7,81.6,11259082.0,53.6,0.0027730623024706867,46116.699233676605,2.151030057413036,0.0012891787787501889,
Bulgaria,14238,11985,118.8,eci_table_05,6975761.0,86000000000.0,64,4.34,71.0,74.9,5256027.0,55.4,0.00204106763405455,12328.404026456756,1.187984981226533,0.001718092119268421,
Croatia,14403,8460,170.25,eci_table_05,4067500.0,60415553039.0,73,6.93,67.9,78.1,2328318.0,51.2,0.00354099569760295,14853.239837492318,1.7024822695035462,0.002079901659496005,
Cyprus,1997,4230,47.21,eci_table_05,1198575.0,24564647935.0,131,7.27,75.9,80.8,800708.0,63.1,0.0016661452141084204,20494.87761299877,0.47210401891252957,0.003529190914210625,
Czech Republic,25935,14805,175.18,eci_table_05,10669709.0,246489245495.0,139,1.93,64.1,79.0,7887156.0,60.6,0.0024307129650864893,23101.777704996453,1.75177304964539,0.0013875729881667814,
Denmark,36010,9870,364.84,eci_table_05,5818553.0,348078018464.0,137,4.91,80.6,81.0,5119978.0,62.2,0.006188823922373827,59822.092960913134,3.648429584599797,0.0016962980314865225,
Estonia,9296,4935,188.37,eci_table_05,1331824.0,31386949981.0,31,5.11,69.6,78.2,916024.0,63.6,0.006979901248212977,23566.890205462583,1.8836879432624114,0.003705444563245594,
Finland,54538,9870,552.56,eci_table_05,5520314.0,268761201365.0,18,6.59,88.2,81.7,4716888.0,59.1,0.00987951047712141,48685.853986747854,5.525633232016211,0.0017879417728774124,
France,145289,55695,260.87,eci_table_05,67059887.0,2715518274227.0,119,8.43,65.6,82.5,54123364.0,55.1,0.0021665559919598434,40493.9285720389,2.6086542777628154,0.0008305263025569965,
Germany,233180,67680,344.53,eci_table_05,83132799.0,3845630030824.0,240,3.04,70.2,80.9,64324835.0,60.8,0.002804909768525898,46258.8782897109,3.4453309692671397,0.0008141191059860742,
Greece,19618,14805,132.51,eci_table_05,10716322.0,209852761469.0,81,17.24,136.6,81.3,8507474.0,51.8,0.0018306654092700835,19582.53601086268,1.3250928740290442,0.0013815374342055044,
Hungary,25595,14805,172.88,eci_table_05,9769949.0,160967157504.0,107,3.4,48.5,75.8,6999582.0,56.5,0.002619768025401156,16475.741838979917,1.7288078351908138,0.0015153610320790825,
Republic of Ireland,36073,9165,393.6,eci_table_05,5007069.0,388698711348.0,72,4.93,77.8,82.3,3133123.0,62.1,0.007204414398922803,77629.9889911643,3.93595199127114,0.0018304121632835497,
Italy,77030,53580,143.77,eci_table_05,60297396.0,2001244392042.0,206,9.89,61.9,82.9,42651966.0,49.6,0.0012775012705357957,33189.56579886136,1.4376633072041807,0.0008885955871129162,
Latvia,7526,5640,133.44,eci_table_05,1912789.0,34117202555.0,30,6.52,88.1,74.7,1304943.0,61.4,0.003934568841623409,17836.364886560932,1.3343971631205673,0.0029485740455429217,
Lithuania,14461,7755,186.47,eci_table_05,2786844.0,54219315600.0,43,6.35,72.4,75.7,1891013.0,61.6,0.005189023856376603,19455.45412660343,1.8647324306898776,0.0027827176548095266,
Luxembourg,2465,4230,58.27,eci_table_05,645397.0,71104919108.0,242,5.36,19.2,82.1,565488.0,59.3,0.0038193545987973295,110172.37314087298,0.58274231678487,0.006554105457571077,
Malta,2007,4230,47.45,eci_table_05,502653.0,14786156563.0,1380,3.47,54.3,82.3,475902.0,56.5,0.003992814128235582,29416.230606402427,0.474468085106383,0.008415348162648984,
Netherlands,90413,20445,442.23,eci_table_05,17332850.0,909070395161.0,508,3.2,85.0,81.8,15924729.0,63.6,0.005216280069348087,52447.83143920359,4.422254830031792,0.0011795521221264823,
Poland,143826,36660,392.32,eci_table_05,37970874.0,592164400688.0,124,3.47,67.8,77.6,22796574.0,56.7,0.0037877979843181906,15595.227033436207,3.923240589198036,0.0009654768547071105,
Portugal,31585,14805,213.34,eci_table_05,10269417.0,237686075635.0,111,6.33,63.9,81.3,6753579.0,58.8,0.0030756371077345483,23145.04081731222,2.133400878081729,0.0014416592490109224,
Romania,38221,23265,164.29,eci_table_05,19356544.0,250077444017.0,84,3.98,49.4,75.4,10468793.0,54.7,0.001974577693208044,12919.529644186483,1.6428540726413068,0.0012019191029142393,
Slovakia,18628,9870,188.73,eci_table_05,5454073.0,105422304976.0,114,5.56,46.6,77.2,2930419.0,59.5,0.003415429166422965,19329.0968008679,1.8873353596757851,0.001809656746435187,
Slovenia,6520,5640,115.6,eci_table_05,2087946.0,53742159517.0,103,4.2,78.6,81.0,1144654.0,58.4,0.0031226861231085476,25739.247814359183,1.1560283687943262,0.0027012192844067806,
Spain,121616,41595,292.38,eci_table_05,47076781.0,1394116310769.0,94,13.96,88.9,83.3,37927409.0,57.5,0.0025833542017242002,29613.67113798626,2.9238129582882557,0.0008835565881193109,
Sweden,71158,14805,480.63,eci_table_05,10285453.0,530832908738.0,25,6.48,67.0,82.5,9021165.0,64.6,0.006918314633298115,51610.06605523354,4.806349206349206,0.0014394115650521178,
Austria,714,13395,5.33,eci_table_06,8877067.0,446314739528.0,109,4.67,85.1,81.6,5194416.0,60.7,8.043197150590393e-05,50277.27508736838,0.053303471444568866,0.0015089443393859706,Air-Quotas
Belgium,564,14805,3.81,eci_table_06,11484055.0,529606710418.0,383,5.59,79.7,81.6,11259082.0,53.6,4.911157252381672e-05,46116.699233676605,0.0380952380952381,0.0012891787787501889,Air-Quotas
Bulgaria,122,11985,1.02,eci_table_06,6975761.0,86000000000.0,64,4.34,71.0,74.9,5256027.0,55.4,1.748913129334563e-05,12328.404026456756,0.01017939090529829,0.001718092119268421,Air-Quotas
Croatia,472,8460,5.58,eci_table_06,4067500.0,60415553039.0,73,6.93,67.9,78.1,2328318.0,51.2,0.00011604179471419791,14853.239837492318,0.055791962174940896,0.002079901659496005,Air-Quotas
Cyprus,29,4230,0.69,eci_table_06,1198575.0,24564647935.0,131,7.27,75.9,80.8,800708.0,63.1,2.4195398702626034e-05,20494.87761299877,0.006855791962174941,0.003529190914210625,Air-Quotas
Czech Republic,289,14805,1.95,eci_table_06,10669709.0,246489245495.0,139,1.93,64.1,79.0,7887156.0,60.6,2.7086024557933118e-05,23101.777704996453,0.019520432286389732,0.0013875729881667814,Air-Quotas
Denmark,56088,9870,568.27,eci_table_06,5818553.0,348078018464.0,137,4.91,80.6,81.0,5119978.0,62.2,0.009639510029383595,59822.092960913134,5.682674772036474,0.0016962980314865225,Air-Quotas
Estonia,74,4935,1.5,eci_table_06,1331824.0,31386949981.0,31,5.11,69.6,78.2,916024.0,63.6,5.556289719962998e-05,23566.890205462583,0.014994934143870315,0.003705444563245594,Air-Quotas
Finland,48444,9870,490.82,eci_table_06,5520314.0,268761201365.0,18,6.59,88.2,81.7,4716888.0,59.1,0.008775587765478559,48685.853986747854,4.908206686930091,0.0017879417728774124,Air-Quotas
France,230654,55695,414.14,eci_table_06,67059887.0,2715518274227.0,119,8.43,65.6,82.5,54123364.0,55.1,0.00343952264637726,40493.9285720389,4.141377143370141,0.0008305263025569965,Air-Quotas
Germany,122277,67680,180.67,eci_table_06,83132799.0,3845630030824.0,240,3.04,70.2,80.9,64324835.0,60.8,0.00147086350358539,46258.8782897109,1.8066932624113474,0.0008141191059860742,Air-Quotas
Greece,7144,14805,48.25,eci_table_06,10716322.0,209852761469.0,81,17.24,136.6,81.3,8507474.0,51.8,0.0006666466349182117,19582.53601086268,0.48253968253968255,0.0013815374342055044,Air-Quotas
Hungary,302,14805,2.04,eci_table_06,9769949.0,160967157504.0,107,3.4,48.5,75.8,6999582.0,56.5,3.091111325146119e-05,16475.741838979917,0.02039851401553529,0.0015153610320790825,Air-Quotas
Republic of Ireland,29923,9165,326.49,eci_table_06,5007069.0,388698711348.0,72,4.93,77.8,82.3,3133123.0,62.1,0.005976150917832369,77629.9889911643,3.264920894708129,0.0018304121632835497,Air-Quotas
Italy,13910,53580,25.96,eci_table_06,60297396.0,2001244392042.0,206,9.89,61.9,82.9,42651966.0,49.6,0.0002306898957958317,33189.56579886136,0.25961179544606194,0.0008885955871129162,Air-Quotas
Latvia,54,5640,0.96,eci_table_06,1912789.0,34117202555.0,30,6.52,88.1,74.7,1304943.0,61.4,2.823102809562372e-05,17836.364886560932,0.009574468085106383,0.0029485740455429217,Air-Quotas
Lithuania,97,7755,1.25,eci_table_06,2786844.0,54219315600.0,43,6.35,72.4,75.7,1891013.0,61.6,3.480639748762399e-05,19455.45412660343,0.012508059316569954,0.0027827176548095266,Air-Quotas
Luxembourg,1515,4230,35.82,eci_table_06,645397.0,71104919108.0,242,5.36,19.2,82.1,565488.0,59.3,0.002347392380193896,110172.37314087298,0.35815602836879434,0.006554105457571077,Air-Quotas
Malta,193,4230,4.56,eci_table_06,502653.0,14786156563.0,1380,3.47,54.3,82.3,475902.0,56.5,0.0003839626939459229,29416.230606402427,0.04562647754137116,0.008415348162648984,Air-Quotas
Netherlands,69235,20445,338.64,eci_table_06,17332850.0,909070395161.0,508,3.2,85.0,81.8,15924729.0,63.6,0.003994438306452776,52447.83143920359,3.3864025434091465,0.0011795521221264823,Air-Quotas
Poland,1437,36660,3.92,eci_table_06,37970874.0,592164400688.0,124,3.47,67.8,77.6,22796574.0,56.7,3.7844796514296725e-05,15595.227033436207,0.039198036006546644,0.0009654768547071105,Air-Quotas
Portugal,309,14805,2.09,eci_table_06,10269417.0,237686075635.0,111,6.33,63.9,81.3,6753579.0,58.8,3.0089341975303953e-05,23145.04081731222,0.020871327254305978,0.0014416592490109224,Air-Quotas
Romania,901,23265,3.87,eci_table_06,19356544.0,250077444017.0,84,3.98,49.4,75.4,10468793.0,54.7,4.654756551582762e-05,12919.529644186483,0.03872770255748979,0.0012019191029142393,Air-Quotas
Slovakia,2143,9870,21.71,eci_table_06,5454073.0,105422304976.0,114,5.56,46.6,77.2,2930419.0,59.5,0.00039291736652589726,19329.0968008679,0.2171225937183384,0.001809656746435187,Air-Quotas
Slovenia,123,5640,2.18,eci_table_06,2087946.0,53742159517.0,103,4.2,78.6,81.0,1144654.0,58.4,5.890956950036064e-05,25739.247814359183,0.021808510638297873,0.0027012192844067806,Air-Quotas
Spain,3014,41595,7.25,eci_table_06,47076781.0,1394116310769.0,94,13.96,88.9,83.3,37927409.0,57.5,6.402306903694201e-05,29613.67113798626,0.07246063228753456,0.0008835565881193109,Air-Quotas
Sweden,341,14805,2.3,eci_table_06,10285453.0,530832908738.0,25,6.48,67.0,82.5,9021165.0,64.6,3.315361997181845e-05,51610.06605523354,0.02303275920297197,0.0014394115650521178,Air-Quotas
Austria,352,13395,2.63,eci_table_07,8877067.0,446314739528.0,109,4.67,85.1,81.6,5194416.0,60.7,3.965273665277056e-05,50277.27508736838,0.02627846211272863,0.0015089443393859706,Stop Destroying Videogames
Belgium,426,14805,2.88,eci_table_07,11484055.0,529606710418.0,383,5.59,79.7,81.6,11259082.0,53.6,3.709491116160624e-05,46116.699233676605,0.028774062816616007,0.0012891787787501889,Stop Destroying Videogames
Bulgaria,185,11985,1.54,eci_table_07,6975761.0,86000000000.0,64,4.34,71.0,74.9,5256027.0,55.4,2.652040401040116e-05,12328.404026456756,0.01543596161869003,0.001718092119268421,Stop Destroying Videogames
Croatia,217,8460,2.57,eci_table_07,4067500.0,60415553039.0,73,6.93,67.9,78.1,2328318.0,51.2,5.3349723417332515e-05,14853.239837492318,0.02565011820330969,0.002079901659496005,Stop Destroying Videogames
Cyprus,63,4230,1.49,eci_table_07,1198575.0,24564647935.0,131,7.27,75.9,80.8,800708.0,63.1,5.256241787122208e-05,20494.87761299877,0.014893617021276596,0.003529190914210625,Stop Destroying Videogames
Czech Republic,1235,14805,8.34,eci_table_07,10669709.0,246489245495.0,139,1.93,64.1,79.0,7887156.0,60.6,0.00011574823643268996,23101.777704996453,0.0834177642688281,0.0013875729881667814,Stop Destroying Videogames
Denmark,141,9870,1.43,eci_table_07,5818553.0,348078018464.0,137,4.91,80.6,81.0,5119978.0,62.2,2.4232829021236036e-05,59822.092960913134,0.014285714285714285,0.0016962980314865225,Stop Destroying Videogames
Estonia,35,4935,0.71,eci_table_07,1331824.0,31386949981.0,31,5.11,69.6,78.2,916024.0,63.6,2.6279748675500667e-05,23566.890205462583,0.0070921985815602835,0.003705444563245594,Stop Destroying Videogames
Finland,385,9870,3.9,eci_table_07,5520314.0,268761201365.0,18,6.59,88.2,81.7,4716888.0,59.1,6.97424095803246e-05,48685.853986747854,0.03900709219858156,0.0017879417728774124,Stop Destroying Videogames
France,1654,55695,2.97,eci_table_07,67059887.0,2715518274227.0,119,8.43,65.6,82.5,54123364.0,55.1,2.4664521131686367e-05,40493.9285720389,0.02969745937696382,0.0008305263025569965,Stop Destroying Videogames
Germany,1583,67680,2.34,eci_table_07,83132799.0,3845630030824.0,240,3.04,70.2,80.9,64324835.0,60.8,1.9041822470093902e-05,46258.8782897109,0.02338947990543735,0.0008141191059860742,Stop Destroying Videogames
Greece,251,14805,1.7,eci_table_07,10716322.0,209852761469.0,81,17.24,136.6,81.3,8507474.0,51.8,2.3422215196594502e-05,19582.53601086268,0.016953731847348868,0.0013815374342055044,Stop Destroying Videogames
Hungary,185,14805,1.25,eci_table_07,9769949.0,160967157504.0,107,3.4,48.5,75.8,6999582.0,56.5,1.8935615733510993e-05,16475.741838979917,0.012495778453225262,0.0015153610320790825,Stop Destroying Videogames
Republic of Ireland,216,9165,2.36,eci_table_07,5007069.0,388698711348.0,72,4.93,77.8,82.3,3133123.0,62.1,4.313901006756647e-05,77629.9889911643,0.023567921440261867,0.0018304121632835497,Stop Destroying Videogames
Italy,841188,53580,1569.97,eci_table_07,60297396.0,2001244392042.0,206,9.89,61.9,82.9,42651966.0,49.6,0.01395065219731877,33189.56579886136,15.6996640537514,0.0008885955871129162,Stop Destroying Videogames
Latvia,85,5640,1.51,eci_table_07,1912789.0,34117202555.0,30,6.52,88.1,74.7,1304943.0,61.4,4.4437729409778076e-05,17836.364886560932,0.015070921985815602,0.0029485740455429217,Stop Destroying Videogames
Lithuania,91,7755,1.17,eci_table_07,2786844.0,54219315600.0,43,6.35,72.4,75.7,1891013.0,61.6,3.265342444715241e-05,19455.45412660343,0.011734364925854288,0.0027827176548095266,Stop Destroying Videogames
Luxembourg,49,4230,1.16,eci_table_07,645397.0,71104919108.0,242,5.36,19.2,82.1,565488.0,59.3,7.592226180165076e-05,110172.37314087298,0.011583924349881796,0.006554105457571077,Stop Destroying Videogames
Malta,19,4230,0.45,eci_table_07,502653.0,14786156563.0,1380,3.47,54.3,82.3,475902.0,56.5,3.779943619156754e-05,29416.230606402427,0.004491725768321513,0.008415348162648984,Stop Destroying Videogames
Netherlands,503,20445,2.46,eci_table_07,17332850.0,909070395161.0,508,3.2,85.0,81.8,15924729.0,63.6,2.902003998188411e-05,52447.83143920359,0.024602592320860848,0.0011795521221264823,Stop Destroying Videogames
Poland,766,36660,2.09,eci_table_07,37970874.0,592164400688.0,124,3.47,67.8,77.6,22796574.0,56.7,2.0173357084169303e-05,15595.227033436207,0.02089470812875068,0.0009654768547071105,Stop Destroying Videogames
Portugal,292,14805,1.97,eci_table_07,10269417.0,237686075635.0,111,6.33,63.9,81.3,6753579.0,58.8,2.8433941284106002e-05,23145.04081731222,0.01972306653157717,0.0014416592490109224,Stop Destroying Videogames
Romania,503,23265,2.16,eci_table_07,19356544.0,250077444017.0,84,3.98,49.4,75.4,10468793.0,54.7,2.5986043789635175e-05,12919.529644186483,0.02162045991833226,0.0012019191029142393,Stop Destroying Videogames
Slovakia,5214,9870,52.83,eci_table_07,5454073.0,105422304976.0,114,5.56,46.6,77.2,2930419.0,59.5,0.0009559828040438769,19329.0968008679,0.5282674772036474,0.001809656746435187,Stop Destroying Videogames
Slovenia,179,5640,3.17,eci_table_07,2087946.0,53742159517.0,103,4.2,78.6,81.0,1144654.0,58.4,8.573018650865492e-05,25739.247814359183,0.03173758865248227,0.0027012192844067806,Stop Destroying Videogames
Spain,12356,41595,29.71,eci_table_07,47076781.0,1394116310769.0,94,13.96,88.9,83.3,37927409.0,57.5,0.0002624648443996203,29613.67113798626,0.2970549344873182,0.0008835565881193109,Stop Destroying Videogames
Sweden,414,14805,2.8,eci_table_07,10285453.0,530832908738.0,25,6.48,67.0,82.5,9021165.0,64.6,4.025102248777959e-05,51610.06605523354,0.02796352583586626,0.0014394115650521178,Stop Destroying Videogames
